Combined stroller Monza 2in1 Lorelli with air tires - Rose & Black,https://detski-magazin.com/detski-kolicki/kombinirana-detska-kolichka-monza-2v1-lorelli-s-vzdushni-gumi-roseblack-10206.html,"302,40лв",51%,to 31.12.2021,"617,00лв"
Combined stroller Monza 2in1 Lorelli with air tires - Blue,https://detski-magazin.com/detski-kolicki/kombinirana-detska-kolichka-monza-2v1-lorelli-s-vzdushni-gumi-blue-10208.html,"302,40лв",51%,to 31.12.2021,"617,00лв"
Baby stroller Lorelli Calibra 2017 2in1 - aquamarine,https://detski-magazin.com/kombinirani-kolichki/bebeshka-kolichka-lorelli-calibra-2017-2v1-akvamarin-17712.html,"252,00лв",45%,to 31.12.2021,"455,00лв"
Baby stroller Lorelli Calibra 2017 2in1 - gray and blue,https://detski-magazin.com/kombinirani-kolichki/bebeshka-kolichka-lorelli-calibra-2017-2v1-sivo-i-sino-17710.html,"252,00лв",45%,to 31.12.2021,"455,00лв"
Combined baby stroller Monza 3in1 Lorelli - Blue Black,https://detski-magazin.com/detski-kolicki/kombinirana-bebeshka-kolichka-monza-3v1-lorelli-blue-black-14641.html,"369,60лв",33%,to 31.12.2021,"549,00лв"
Baby stroller AURORA Lorelli 2017 air tires - turquoise,https://detski-magazin.com/kombinirani-kolichki/bebeshka-kolichka-aurora-lorelli-2017-vzdushni-gumi-tyurkoazena-18069.html,"252,00лв",38%,to 31.12.2021,"405,00лв"
Baby stroller AURORA Lorelli 2017 air tires - pink,https://detski-magazin.com/kombinirani-kolichki/bebeshka-kolichka-aurora-lorelli-2017-vzdushni-gumi-rozova-18070.html,"252,00лв",38%,to 31.12.2021,"405,00лв"
Baby stroller AURORA Lorelli 2017 - turquoise,https://detski-magazin.com/kombinirani-kolichki/bebeshka-kolichka-aurora-lorelli-2017-tyurkoazena-18062.html,"218,40лв",41%,to 31.12.2021,"369,60лв"
Baby stroller AURORA Lorelli 2017 - pink,https://detski-magazin.com/kombinirani-kolichki/bebeshka-kolichka-aurora-lorelli-2017-rozova-18065.html,"218,40лв",41%,to 31.12.2021,"369,60лв"
Baby stroller AURORA Lorelli 2018 - BEIGE & GREEN BEAR,https://detski-magazin.com/kombinirani-kolichki/bebeshka-kolichka-aurora-lorelli-2018-beigegreen-bear-20595.html,"218,40лв",41%,to 31.12.2021,"369,60лв"
Baby stroller AURORA Lorelli 2018 - BEIGE & BLUE MAPS,https://detski-magazin.com/kombinirani-kolichki/bebeshka-kolichka-aurora-lorelli-2018-beigeblue-maps-20596.html,"218,40лв",41%,to 31.12.2021,"369,60лв"
Baby stroller LUNA 2in1 Lorelli 2017 - aquamarine,https://detski-magazin.com/detski-kolicki/bebeshka-kolichka-luna-2v1-lorelli-2017-akvamarin-17708.html,"252,00лв",36%,to 31.12.2021,"394,00лв"
Baby kolichka luna black & red,https://detski-magazin.com/2-v-1/detkolichka-luna-blackred-41752.html,"252,00лв",36%,to 31.12.2021,"394,00лв"
Stroller starlight set dark blue,https://detski-magazin.com/transformirassha-kolichka/bebeshka-kolichka-starlight-set-dark-blue-24744.html,"369,60лв",21%,to 31.12.2021,"470,40лв"
Baby stroller lumina dark blue,https://detski-magazin.com/transformirassha-kolichka/bebeshka-kolichka-lumina-dark-blue-24749.html,"470,40лв",14%,to 31.12.2021,"546,00лв"
D. trolley lumina gray,https://detski-magazin.com/transformirassha-kolichka/bebeshka-kolichka-lumina-grey-34074.html,"470,40лв",14%,to 31.12.2021,"546,00лв"
D. trolley lumina red,https://detski-magazin.com/transformirassha-kolichka/bebeshka-kolichka-lumina-red-34075.html,"470,40лв",14%,to 31.12.2021,"546,00лв"
D. trolley lumina black,https://detski-magazin.com/transformirassha-kolichka/bebeshka-kolichka-lumina-black-34076.html,"470,40лв",14%,to 31.12.2021,"546,00лв"
Baby stroller LUMINA Lorelli 2018 RED,https://detski-magazin.com/detski-kolicki/bebeshka-kolichka-lumina-lorelli-2018-red-21919.html,"470,40лв",14%,to 31.12.2021,"546,00лв"
Stroller starlight dark blue,https://detski-magazin.com/transformirassha-kolichka/bebeshka-kolichka-starlight-dark-blue-24748.html,"302,40лв",18%,to 31.12.2021,"370,00лв"
Stroller STARLIGHT Lorelli 2018 with a basket for newborns - BEIGE,https://detski-magazin.com/detski-kolicki/detska-kolichka-starlight-lorelli-2018-s-kosh-za-novorodeno-beige-22047.html,"302,40лв",18%,to 31.12.2021,"370,00лв"
Stroller STARLIGHT Lorelli 2018 with a basket for newborns - GRAY,https://detski-magazin.com/detski-kolicki/detska-kolichka-starlight-lorelli-2018-s-kosh-za-novorodeno-grey-22049.html,"302,40лв",18%,to 31.12.2021,"370,00лв"
Baby stroller ida + cover dark blue happy hippo,https://detski-magazin.com/letni-kolichki/bebeshka-kolichka-idapokrivalo-dark-blue-happy-hippo-24720.html,"87,36лв",29%,to 31.12.2021,"123,90лв"
Baby stroller ida + cover beige cool cat,https://detski-magazin.com/letni-kolichki/bebeshka-kolichka-idapokrivalo-beige-cool-cat-24721.html,"87,36лв",29%,to 31.12.2021,"123,90лв"
Baby stroller ida + blanket gray & green bunnies,https://detski-magazin.com/letni-kolichki/bebeshka-kolichka-idapokrivalo-greygreen-bunnies-24723.html,"87,36лв",29%,to 31.12.2021,"122,90лв"
D. trolley fiona carbon design,https://detski-magazin.com/letni-kolichki/bebeshka-kolichka-fiona-carbon-design-39654.html,"149,52лв",16%,to 31.12.2021,"178,00лв"
D. trolley fiona wooden design,https://detski-magazin.com/letni-kolichki/bebeshka-kolichka-fiona-wooden-design-39655.html,"149,52лв",16%,to 31.12.2021,"178,00лв"
D. trolley fiona wooden design,https://detski-magazin.com/letni-kolichki/bebeshka-kolichka-fiona-wooden-design-41985.html,"149,52лв",16%,to 31.12.2021,"178,00лв"
Stroller Lorelli SPORT - BEIGE,https://detski-magazin.com/detski-kolicki/detska-kolichka-lorelli-sport-beige-21912.html,"166,32лв",14%,to 31.12.2021,"193,20лв"
Stroller Lorelli SPORT - GRAY,https://detski-magazin.com/detski-kolicki/detska-kolichka-lorelli-sport-grey-21913.html,"166,32лв",14%,to 31.12.2021,"193,20лв"
Baby stroller sport dark blue,https://detski-magazin.com/letni-kolichki/bebeshka-kolichka-sport-dark-blue-24746.html,"166,32лв",14%,to 31.12.2021,"193,20лв"
Baby stroller sport red,https://detski-magazin.com/letni-kolichki/bebeshka-kolichka-sport-red-24747.html,"166,32лв",14%,to 31.12.2021,"193,20лв"
D. stroller ines gray & black cross,https://detski-magazin.com/letni-kolichki/bebeshka-kolichka-ines-greyblack-cross-32494.html,"109,20лв",6%,to 31.12.2021,"116,00лв"
Baby stroller Primavera Buba - Gray,https://detski-magazin.com/transformirassha-kolichka/bebeshka-kolichka-primavera-buba-siva-31617.html,"186,49лв",37%,to 30.09.2021,"296,01лв"
Baby stroller Primavera Buba - beige,https://detski-magazin.com/transformirassha-kolichka/bebeshka-kolichka-primavera-buba-bezhova-31618.html,"186,49лв",37%,to 30.09.2021,"296,01лв"
Baby stroller Primavera Buba - blue,https://detski-magazin.com/transformirassha-kolichka/bebeshka-kolichka-primavera-buba-sinya-31619.html,"186,49лв",37%,to 30.09.2021,"296,01лв"
Baby summer stroller Guarana Yellow 2020 Kikka boo,https://detski-magazin.com/letni-kolichki/bebeshka-lyatna-kolichka-guarana-yellow-2020-33567.html,"94,26лв",20%,,"117,82лв"
Baby summer stroller Vivi Black 2020 Kikka boo,https://detski-magazin.com/letni-kolichki/bebeshka-lyatna-kolichka-vivi-black-2020-33864.html,"110,09лв",20%,,"137,61лв"
Baby summer stroller Vivi Orange 2020 Kikka boo,https://detski-magazin.com/letni-kolichki/bebeshka-lyatna-kolichka-vivi-orange-2020-33865.html,"110,09лв",20%,,"137,61лв"
Baby summer stroller Pine Purple Kikka boo,https://detski-magazin.com/letni-kolichki/bebeshka-lyatna-kolichka-pine-purple-36666.html,"157,61лв",20%,,"197,01лв"
Combined stroller 2 in 1 Tiara Gray Kikka boo,https://detski-magazin.com/2-v-1/kombinirana-kolichka-2-v-1-tiara-grey-33015.html,"285,28лв",15%,,"335,62лв"
KinderKraft | Baby stroller KinderKraft ALL ROAD blue,https://detski-magazin.com/letni-kolichki/kinderkraft-bebeshka-kolichka-kinderkraft-all-road-sinya-42324.html,"444,61лв",10%,to 01.10.2021,"494,01лв"
KinderKraft | Baby stroller KinderKraft ALL ROAD birds,https://detski-magazin.com/letni-kolichki/kinderkraft-bebeshka-kolichka-kinderkraft-all-road-ptici-42325.html,"444,61лв",10%,to 01.10.2021,"494,01лв"
KinderKraft | Baby stroller KinderKraft ALL ROAD gray,https://detski-magazin.com/letni-kolichki/kinderkraft-bebeshka-kolichka-kinderkraft-all-road-siva-42326.html,"444,61лв",10%,to 01.10.2021,"494,01лв"
Baby stroller 3in1 Buba Forester 598 - beige,https://detski-magazin.com/detski-kolicki/bebeshka-kolichka-3v1-buba-forester-598-bezhova-22883.html,"892,53лв",5%,to 01.10.2021,"939,51лв"
Baby stroller 3in1 Buba Forester 599 - green,https://detski-magazin.com/detski-kolicki/bebeshka-kolichka-3v1-buba-forester-599-zelena-22884.html,"892,53лв",5%,to 01.10.2021,"939,51лв"
Baby stroller Kikkaboo Verona 2in1 - yellow,https://detski-magazin.com/detski-kolicki/bebeshka-kolichka-kikkaboo-verona-2v1-zhlta-16568.html,"269,00лв",,,
Baby stroller Kikkaboo Verona 2in1 - blue,https://detski-magazin.com/detski-kolicki/bebeshka-kolichka-kikkaboo-verona-2v1-sinya-16569.html,"269,00лв",,,
Baby stroller Kikkaboo Verona 2in1 - beige,https://detski-magazin.com/detski-kolicki/bebeshka-kolichka-kikkaboo-verona-2v1-bezhava-16573.html,"269,00лв",,,
Britax B-Dual 4 - Neon Black - stroller,https://detski-magazin.com/kombinirani-kolichki/britax-b-dual-4-neon-black-detska-kolichka--2296.html,"799,00лв",,,
Baby stroller for two children HAUCK Freerider Black,https://detski-magazin.com/detski-kolicki/bebeshka-kolichka-za-dve-deca-hauck-freerider-black-21633.html,"563,31лв",,,
Stroller tricycle HAUCK Citi Neo II - Caviar Stone,https://detski-magazin.com/detski-kolicki/detska-kolichka-trikolka-hauck-citi-neo-ii-caviar-stone-22291.html,"199,00лв",,,
Combined baby stroller Cangaroo Luxor - blue,https://detski-magazin.com/transformirassha-kolichka/kombinirana-bebeshka-kolichka-cangaroo-luxor-sinya-18421.html,"385,11лв",,,
Combined stroller Cangaroo Luxor - brown,https://detski-magazin.com/transformirassha-kolichka/kombinirana-bebeshka-kolichka-cangaroo-luxor-kafyava-18422.html,"385,11лв",,,
Tриколка Citi Neo II Caviar/Stone,https://detski-magazin.com/bebeshki-kolichki-trikolki/trikolka-citi-neo-ii-caviar-stone-27997.html,"206,91лв",,,
Baby stroller Graco FAF FOLD 2.0 Sport Lime,https://detski-magazin.com/detski-kolicki/bebeshka-kolichka-graco-faf-fold-20-sport-lime--16634.html,"573,21лв",,,
Combined stroller Cangaroo Luxor - gray,https://detski-magazin.com/transformirassha-kolichka/kombinirana-bebeshka-kolichka-cangaroo-luxor-siva-18423.html,"385,11лв",,,
Stroller Phil & Teds sport v5,https://detski-magazin.com/bebeshki-kolichki-trikolki/kolichka-phil-teds-sport-v5-29690.html,"1079,00лв",,,
Combined baby stroller Cangaroo Luxor - black,https://detski-magazin.com/transformirassha-kolichka/kombinirana-bebeshka-kolichka-cangaroo-luxor-cherna-28353.html,"385,11лв",,,
Dash V5 stroller,https://detski-magazin.com/bebeshki-kolichki-trikolki/kolichka-dash-v5-29692.html,"1299,00лв",,,
